<keymap version="1" name="Windows copy" parent="$default">
  <action id="Console.Open" />
  <action id="Diff.ShowSettingsPopup">
    <keyboard-shortcut first-keystroke="ctrl alt d" />
  </action>
  <action id="EditorDown">
    <keyboard-shortcut first-keystroke="down" />
    <keyboard-shortcut first-keystroke="ctrl n" />
  </action>
  <action id="EditorToggleCase" />
  <action id="EditorUp">
    <keyboard-shortcut first-keystroke="up" />
    <keyboard-shortcut first-keystroke="ctrl p" />
  </action>
  <action id="FileChooser.NewFolder">
    <keyboard-shortcut first-keystroke="alt insert" />
  </action>
  <action id="FileChooser.TogglePathShowing" />
  <action id="Find">
    <keyboard-shortcut first-keystroke="alt f3" />
  </action>
  <action id="FindInPath">
    <keyboard-shortcut first-keystroke="shift ctrl f" />
    <keyboard-shortcut first-keystroke="ctrl f" />
  </action>
  <action id="GotoChangedFile" />
  <action id="GotoClass">
    <keyboard-shortcut first-keystroke="shift ctrl n" />
  </action>
  <action id="GotoDeclaration">
    <mouse-shortcut keystroke="control button1" />
    <mouse-shortcut keystroke="button2" />
  </action>
  <action id="GotoFile">
    <keyboard-shortcut first-keystroke="ctrl t" />
  </action>
  <action id="GotoImplementation">
    <keyboard-shortcut first-keystroke="ctrl alt b" />
    <mouse-shortcut keystroke="control alt button1" />
    <keyboard-shortcut first-keystroke="shift ctrl d" />
  </action>
  <action id="GotoSuperMethod">
    <keyboard-shortcut first-keystroke="shift ctrl u" />
  </action>
  <action id="GotoTest" />
  <action id="GotoTypeDeclaration">
    <mouse-shortcut keystroke="shift control button1" />
  </action>
  <action id="ParameterInfo" />
  <action id="PopupHector" />
  <action id="SelectAllOccurrences" />
  <action id="ServiceView.ShowServices" />
  <action id="ShelveChanges.UnshelveWithDialog" />
  <action id="ShowReformatFileDialog" />
  <action id="Vcs.Log.GoToRef">
    <keyboard-shortcut first-keystroke="alt f3" />
  </action>
  <action id="Vcs.UpdateProject" />
</keymap>