<application>
  <component name="ProjectJdkTable">
    <jdk version="2">
      <name value="Python 3.8 (ANTlab)" />
      <type value="Python SDK" />
      <version value="Python 3.8.1" />
      <homePath value="C:\Program Files (x86)\Python38-32\python.exe" />
      <roots>
        <classPath>
          <root type="composite">
            <root url="file://$USER_HOME$/Documents/codes/BlueBotics/Lib/Component.py/lib" type="simple" />
            <root url="file://$USER_HOME$/Documents/codes/BlueBotics/Lib/Packaging.py/lib" type="simple" />
            <root url="file://C:/Program Files (x86)/Python38-32" type="simple" />
            <root url="file://C:/Program Files (x86)/Python38-32/DLLs" type="simple" />
            <root url="file://C:/Program Files (x86)/Python38-32/Lib" type="simple" />
            <root url="file://$USER_HOME$/AppData/Roaming/Python/Python38/site-packages" type="simple" />
            <root url="file://$USER_HOME$/Documents/macros/otftp" type="simple" />
            <root url="file://C:/Program Files (x86)/Python38-32/Lib/site-packages" type="simple" />
            <root url="file://C:/Program Files (x86)/Python38-32/Lib/site-packages/beautifulsoup4-4.8.2-py3.8.egg" type="simple" />
            <root url="file://C:/Program Files (x86)/Python38-32/Lib/site-packages/requests-2.22.0-py3.8.egg" type="simple" />
            <root url="file://C:/Program Files (x86)/Python38-32/Lib/site-packages/Click-7.0-py3.8.egg" type="simple" />
            <root url="file://C:/Program Files (x86)/Python38-32/Lib/site-packages/pytube-9.5.3-py3.8.egg" type="simple" />
            <root url="file://C:/Program Files (x86)/Python38-32/Lib/site-packages/pyttsx3-2.81-py3.8.egg" type="simple" />
            <root url="file://C:/Program Files (x86)/Python38-32/Lib/site-packages/soupsieve-1.9.5-py3.8.egg" type="simple" />
            <root url="file://C:/Program Files (x86)/Python38-32/Lib/site-packages/urllib3-1.25.8-py3.8.egg" type="simple" />
            <root url="file://C:/Program Files (x86)/Python38-32/Lib/site-packages/idna-2.8-py3.8.egg" type="simple" />
            <root url="file://C:/Program Files (x86)/Python38-32/Lib/site-packages/chardet-3.0.4-py3.8.egg" type="simple" />
            <root url="file://C:/Program Files (x86)/Python38-32/Lib/site-packages/certifi-2019.11.28-py3.8.egg" type="simple" />
            <root url="file://C:/Program Files (x86)/Python38-32/Lib/site-packages/comtypes-1.1.7-py3.8.egg" type="simple" />
            <root url="file://C:/Program Files (x86)/Python38-32/Lib/site-packages/qey-0.0.1-py3.8.egg" type="simple" />
            <root url="file://C:/Program Files (x86)/Python38-32/Lib/site-packages/numpy-1.18.1-py3.8-win32.egg" type="simple" />
            <root url="file://C:/Program Files (x86)/Python38-32/Lib/site-packages/pyqo-0.1.1-py3.8.egg" type="simple" />
            <root url="jar://C:/Program Files (x86)/Python38-32/Lib/site-packages/pyperclip-1.8.0-py3.8.egg!/" type="simple" />
            <root url="file://C:/Program Files (x86)/Python38-32/Lib/site-packages/win32" type="simple" />
            <root url="file://C:/Program Files (x86)/Python38-32/Lib/site-packages/win32/lib" type="simple" />
            <root url="file://C:/Program Files (x86)/Python38-32/Lib/site-packages/pythonwin" type="simple" />
            <root url="file://$USER_HOME$/AppData/Local/JetBrains/PyCharmCE2020.1/python_stubs/123025237" type="simple" />
            <root url="file://$APPLICATION_HOME_DIR$/plugins/python-ce/helpers/python-skeletons" type="simple" />
            <root url="file://$APPLICATION_HOME_DIR$/plugins/python-ce/helpers/typeshed/stdlib/3.7" type="simple" />
            <root url="file://$APPLICATION_HOME_DIR$/plugins/python-ce/helpers/typeshed/stdlib/3" type="simple" />
            <root url="file://$APPLICATION_HOME_DIR$/plugins/python-ce/helpers/typeshed/stdlib/2and3" type="simple" />
            <root url="file://$APPLICATION_HOME_DIR$/plugins/python-ce/helpers/typeshed/third_party/3" type="simple" />
            <root url="file://$APPLICATION_HOME_DIR$/plugins/python-ce/helpers/typeshed/third_party/2and3" type="simple" />
          </root>
        </classPath>
        <sourcePath>
          <root type="composite" />
        </sourcePath>
      </roots>
      <additional />
    </jdk>
    <jdk version="2">
      <name value="Python 3.4 (ANTlab)" />
      <type value="Python SDK" />
      <version value="Python 3.4.4" />
      <homePath value="C:\Python34\python.exe" />
      <roots>
        <classPath>
          <root type="composite">
            <root url="file://$USER_HOME$/Documents/codes/BlueBotics/Lib/Component.py/lib" type="simple" />
            <root url="file://$USER_HOME$/Documents/codes/BlueBotics/Lib/Packaging.py/lib" type="simple" />
            <root url="file://C:/Python34" type="simple" />
            <root url="file://C:/Python34/DLLs" type="simple" />
            <root url="file://C:/Python34/Lib" type="simple" />
            <root url="file://C:/Python34/Lib/site-packages" type="simple" />
            <root url="file://C:/Python34/Lib/site-packages/pyqo-0.1.1-py3.4.egg" type="simple" />
            <root url="file://C:/Python34/Lib/site-packages/qey-0.0.1-py3.4.egg" type="simple" />
            <root url="file://C:/Python34/Lib/site-packages/tt-0.1.1-py3.4.egg" type="simple" />
            <root url="file://C:/Python34/Lib/site-packages/win32" type="simple" />
            <root url="file://C:/Python34/Lib/site-packages/win32/lib" type="simple" />
            <root url="file://C:/Python34/Lib/site-packages/pythonwin" type="simple" />
            <root url="file://$USER_HOME$/.PyCharmCE2019.3/system/python_stubs/-1442825926" type="simple" />
            <root url="file://$APPLICATION_HOME_DIR$/plugins/python-ce/helpers/python-skeletons" type="simple" />
            <root url="file://$APPLICATION_HOME_DIR$/plugins/python-ce/helpers/typeshed/stdlib/3" type="simple" />
            <root url="file://$APPLICATION_HOME_DIR$/plugins/python-ce/helpers/typeshed/stdlib/2and3" type="simple" />
            <root url="file://$APPLICATION_HOME_DIR$/plugins/python-ce/helpers/typeshed/third_party/3" type="simple" />
            <root url="file://$APPLICATION_HOME_DIR$/plugins/python-ce/helpers/typeshed/third_party/2and3" type="simple" />
          </root>
        </classPath>
        <sourcePath>
          <root type="composite" />
        </sourcePath>
      </roots>
      <additional />
    </jdk>
    <jdk version="2">
      <name value="Python 2.7" />
      <type value="Python SDK" />
      <version value="Python 2.7.14" />
      <homePath value="C:\Python27\python.exe" />
      <roots>
        <classPath>
          <root type="composite">
            <root url="file://$USER_HOME$/Documents/codes/BlueBotics/Lib/Component.py/lib" type="simple" />
            <root url="file://$USER_HOME$/Documents/codes/BlueBotics/Lib/Packaging.py/lib" type="simple" />
            <root url="file://C:/Python27" type="simple" />
            <root url="file://C:/Python27/DLLs" type="simple" />
            <root url="file://C:/Python27/Lib" type="simple" />
            <root url="file://C:/Python27/Lib/lib-tk" type="simple" />
            <root url="file://C:/Python27/Lib/site-packages" type="simple" />
            <root url="file://$USER_HOME$/AppData/Local/JetBrains/PyCharmCE2020.1/python_stubs/-762174762" type="simple" />
            <root url="file://$APPLICATION_HOME_DIR$/plugins/python-ce/helpers/python-skeletons" type="simple" />
            <root url="file://$APPLICATION_HOME_DIR$/plugins/python-ce/helpers/typeshed/stdlib/2" type="simple" />
            <root url="file://$APPLICATION_HOME_DIR$/plugins/python-ce/helpers/typeshed/stdlib/2and3" type="simple" />
            <root url="file://$APPLICATION_HOME_DIR$/plugins/python-ce/helpers/typeshed/third_party/2" type="simple" />
            <root url="file://$APPLICATION_HOME_DIR$/plugins/python-ce/helpers/typeshed/third_party/2and3" type="simple" />
          </root>
        </classPath>
        <sourcePath>
          <root type="composite" />
        </sourcePath>
      </roots>
      <additional />
    </jdk>
  </component>
</application>