<profile version="1.0">
  <option name="myName" value="Default" />
  <inspection_tool class="PyInterpreterInspection" enabled="false" level="WARNING" enabled_by_default="false" />
  <inspection_tool class="PyPackageRequirementsInspection" enabled="true" level="WARNING" enabled_by_default="true">
    <option name="ignoredPackages">
      <value>
        <list size="5">
          <item index="0" class="java.lang.String" itemvalue="ipaddress" />
          <item index="1" class="java.lang.String" itemvalue="cx-Freeze" />
          <item index="2" class="java.lang.String" itemvalue="cython" />
          <item index="3" class="java.lang.String" itemvalue="typing" />
          <item index="4" class="java.lang.String" itemvalue="flake8" />
        </list>
      </value>
    </option>
  </inspection_tool>
  <inspection_tool class="PyPep8NamingInspection" enabled="true" level="WEAK WARNING" enabled_by_default="true">
    <option name="ignoredErrors">
      <list>
        <option value="N802" />
      </list>
    </option>
  </inspection_tool>
</profile>